104	105	106	107	108	109	110	111	111.1	112.2	112.1	112	113	114	115	116	117	118	filename
-	-	C	L	T	G	T	S	G	R	Y	R	-	-	-	-	-	-	Brusko_4001_TCRB.tsv
-	-	G	Y	D	P	G	A	N	L	F	G	-	-	-	-	-	-	Brusko_4001_TCRB.tsv
-	-	-	R	A	G	G	P	G	Q	E	-	-	-	-	-	-	-	Brusko_4001_TCRB.tsv
-	-	-	-	G	P	S	G	R	A	G	V	-	-	-	-	-	-	Brusko_23257_TCRB.tsv
-	-	-	-	G	R	A	G	D	F	G	-	-	-	-	-	-	-	Brusko_23257_TCRB.tsv
-	-	-	-	G	R	G	T	S	G	E	I	V	-	-	-	-	-	Brusko_23257_TCRB.tsv
-	-	-	-	G	S	R	T	S	G	S	T	-	-	-	-	-	-	Brusko_23257_TCRB.tsv
-	-	-	-	-	R	P	V	A	G	G	-	-	-	-	-	-	-	Brusko_1908_TCRB.tsv
-	-	-	-	L	R	Q	K	T	T	K	K	D	-	-	-	-	-	Brusko_1908_TCRB.tsv
-	-	-	-	L	R	R	G	G	L	P	A	-	-	-	-	-	-	Brusko_1908_TCRB.tsv
-	-	-	-	T	R	R	T	G	L	R	E	R	-	-	-	-	-	Brusko_8372_TCRB.tsv
-	-	-	-	T	R	T	G	T	G	I	G	-	-	-	-	-	-	Brusko_8372_TCRB.tsv
-	-	-	-	T	R	W	G	G	G	A	E	-	-	-	-	-	-	Brusko_8372_TCRB.tsv